POI;GRUPO
Manuten¿¿o Geral JSL RRP; Manutenção
Manutencao JSL RRP; Manutenção
Carregamento Fabrica RRP; Fábrica
Buffer Frotas; Buffer
Abastecimento Frotas RRP; Abastecimento
Oficina JSL; Manutenção
Posto Mutum; Posto Mutum
Agua Clara; Agua Clara
PA AGUA CLARA; Ponto Apoio
Descarga Inocencia; Terminal
Carregamento Fabrica; Fábrica
AREA EXTERNA SUZANO; Parada Operacional
POSTO DE ABASTECIMENTO; Abastecimento
Fila abastecimento posto; Abastecimento
PA Celulose; Ponto Apoio
Manutencao Celulose; Manutenção
MONTANINI; Montanini
SELVIRIA; Selviria
FILA DESCARGA APT; Terminal
Descarga TAP; Terminal
PB Lopes; Manutenção
Oficina Central JSL; Manutenção
PB LOPES SCANIA; Manutenção
MS3 LAVA JATO; Manutenção
REBUCCI; Manutenção
CEMAVI; Manutenção
FEISCAR; Manutenção
DIESELTRONIC; Manutenção
LM RADIADORES; Manutenção
ALBINO; Manutenção
JDIESEL; Manutenção
TRUCK LAZER; Manutenção
