Filial;(Tudo)
;
Rótulos de Linha;
Abastecimento Frotas RRP;
170896;
ACESSO FABRICA;
123486;
Agua Clara;
171261;
AREA DE QUIMICOS 1 - PATIO;
101502;
Balanca de Entrada - MS;
153971;
Balanca de Saida - MS;
153974;
Buffer frotas ;
170884;
Carregamento;
169314;
Carregamento Fabrica;
185186;
Carregamento Fabrica RRP;
170885;
CEMAVI;
68872;
CERRO AZUL;
186690;
CONTROLE ENTREGA;
167208;
DESAMARRAÃÃO;
148784;
DESAMARRACAO-FABRICA;
153156;
Desc. INO;
185561;
Descarga;
185561;
Descarga INO;
169315;
Descarga Inocencia;
171260;
DESVIO BRASILANDIA;
177323;
EM MANUTENCAO HEXA;
180341;
EM MANUTENCAO TRI PROPRIO;
180179;
Enlonamento RRP;
184474;
F¿BRICA;
171637;
FABRICA;
145299;
Fábrica;
170885;
FABRICA - FILA SAIDA;
176269;
FABRICA - SOPRADOR;
176270;
FABRICA TR¿S LAGOAS;
178225;
Fila abastecimento posto;
186959;
FILA DESCARGA APT;
115514;
Fila descarga- Eldorado Brasil;
186968;
MANUTENCAO - AGUARDANDO BOX HEXA;
180340;
MANUTENCAO - AGUARDANDO BOX TRI PROPRIO;
180177;
MANUTENCAO - LIBERADOS HEXA;
180339;
MANUTENCAO - UNIDAS;
180913;
Manutencao JSL RRP;
169317;
MANUTENCAO SERRANALOG;
181421;
MANUTENCAO-AOKI;
153856;
MANUTENCAO-AUTO MECANICA ;
153787;
MANUTENCAO-BASE EN;
153791;
MANUTENCAO-BORRACHARIA E LONEIRO EN;
153795;
MANUTENCAO-CEMAVI;
153835;
MANUTENCAO-CTM;
162427;
MANUTENCAO-DARLY;
168911;
MANUTENCAO-FAXLOG POSTO DE MOLAS;
153926;
MANUTENCAO-GRANFER;
156895;
182610;
MANUTENCAO-INSPTEC;
153809;
MANUTENCAO-JD SERVICOS AUTOMOTIVO;
153870;
MANUTENCAO-MS LAVADOR EN;
153777;
MANUTENCAO-OFICINA MACK TRUCK;
153803;
MANUTENCAO-QUINELLI EN;
153797;
MANUTENCAO-REBUCCI;
25562;
MANUTENCAO-UNIAO TRUCK;
153811;
MONITORAMENTO-ARVORE INOCENCIA;
124588;
MONITORAMENTO-BRITA ROTATORIA;
124558;
MONITORAMENTO-ENTRADA BR 112;
124590;
MONITORAMENTO-MONTANINI;
124586;
MONITORAMENTO-PARADAS HEXA;
170880;
MONITORAMENTO-TEMPO DE PATIO;
151131;
MONTANINI;
51131;
Oficina Central JSL;
186960;
Oficina JSL;
181600;
PA AGUA CLARA;
185766;
PA Celulose;
94377;
PARADA PROIBIDA - 59;
106498;
PARADA PROIBIDA-ACOSTAMENTO ACESSO FABRI;
152234;
PARADA PROIBIDA-MONTONINI;
106883;
PARADAS NO ACESSO DO PROJ AROEIRA;
173280;
Patio Carregado INO;
185552;
Patio de Brita- Eldorado Brasil ;
186967;
Patio de descarga- Eldorado Brasil;
186965;
PATIO SYLVAMO;
171638;
PATIO TROCA;
148788;
Patio Vazio INO;
185554;
PONTE DO RIO VERDE BR158;
181416;
PONTO DE APOIO-SERRANALOG;
168915;
PONTO DE APOIO-TRANSERTAO;
168496;
PONTO DE MONITORAMENTO -BRASILANDIA;
163377;
PONTO DE MONITORAMENTO-PORTAL 2 BRASILAN;
169460;
PONTO DE MONITORAMENTO-PORTAL BRASILANDI;
169458;
PONTO DE MONITORAMENTO-POSTO COMBUS FABR;
165593;
PONTO DE REAPERTO-CAMPO VERDE IV;
103138;
POSTO;
148786;
POSTO DE ABASTECIMENTO;
115742;
Posto Mutum;
174412;
Pro LOG;
185128;
PROJ-BURITI III;
187633;
PROJETO BOA ESPERANCA;
175260;
PROJETO PIATA;
173448;
PROJETO-BENTIVI;
152868;
PROJETO-CARANDA;
186217;
PROJETO-MATAO II;
150758;
PROJ-MONTE ALTO;
184402;
RESTAURANTE POR DO SOL BRASILANDIA-MS;
181418;
SALA DE ESTIMULACAO BATAGUASSU;
187135;
SALA DE ESTIMULAÇÃO BR158 ;
181364;
SALA DE ESTIMULACAO- CABECEIRA;
175343;
SALA DE ESTIMULACAO OFF ROAD;
185172;
SALA DE ESTIMULACAO-BRASILANDIA;
162195;
SALA DE ESTIMULACAO-BRASILANDIA RIO VERD;
155442;
SELVIRIA;
51127;
SERRANA LOG;
148782;
T da Benfica -P1;
135025;
Terminal;
115514;
171260;
186956;
Terminal Inocencia;
185549;
TRAJETO FABRICA X PA;
69017;
TRAJETO PA;
69013;
TRAJETO PA X APARECIDA 1;
69019;
TRAJETO PA X APARECIDA 2;
69021;
TRAJETO PA X APARECIDA 3;
69023;
TROCA D TURNO BRASILA;
124556;
TROCA DE TURNO SUZANO;
182104;
TROCA DE TURNO-CAIPIRAO;
124566;
TROCA DE TURNO-PATIO EXTERNO;
123488;
TROCA DE TURNO-SANTA RITA DO RIO PARDO;
163560;
TROCA DE TURNO-UNIDAS;
164279;
TUNEL HEXA;
182106;
Total Geral;
